ISBN,NOM,Autor,Any,Descripcio,Valoracio,Preu,Llegit
321321654,"sldkaj","dlsakj",123,NULL,1,NULL,1
321321655,"sldkaj","dlsakj",124,NULL,2,NULL,1
321321656,"sldkaj","dlsakj",125,NULL,3,NULL,1
321321657,"sldkaj","dlsakj",126,NULL,4,NULL,1
321321658,"sldkaj","dlsakj",127,NULL,5,NULL,1
321321659,"sldkaj","dlsakj",128,NULL,6,NULL,1
321321660,"sldkaj","dlsakj",129,NULL,7,NULL,1
321321661,"sldkaj","dlsakj",130,NULL,8,NULL,1
321321662,"sldkaj","dlsakj",131,NULL,9,NULL,1
321321663,"sldkaj","dlsakj",132,NULL,10,NULL,1
321321664,"sldkaj","dlsakj",133,NULL,10,NULL,1
321321665,"sldkaj","dlsakj",134,NULL,10,NULL,1
321321666,"sldkaj","dlsakj",135,NULL,10,NULL,1
321321667,"sldkaj","dlsakj",136,NULL,10,NULL,1
321321668,"sldkaj","dlsakj",137,NULL,10,NULL,1
321321669,"sldkaj","dlsakj",138,NULL,10,NULL,1
321321670,"sldkaj","dlsakj",139,NULL,10,NULL,1
321321671,"sldkaj","dlsakj",140,NULL,10,NULL,1
321321672,"sldkaj","dlsakj",141,NULL,10,NULL,1
321321673,"sldkaj","dlsakj",142,NULL,10,NULL,1
321321674,"sldkaj","dlsakj",143,NULL,10,NULL,1
321321675,"sldkaj","dlsakj",144,NULL,10,NULL,1
321321676,"sldkaj","dlsakj",145,NULL,10,NULL,1
321321677,"sldkaj","dlsakj",146,NULL,10,NULL,1
321321678,"sldkaj","dlsakj",147,NULL,10,NULL,1
321321679,"sldkaj","dlsakj",148,NULL,10,NULL,1
321321680,"sldkaj","dlsakj",149,NULL,10,NULL,1
321321681,"sldkaj","dlsakj",150,NULL,10,NULL,1
321321682,"sldkaj","dlsakj",151,NULL,10,NULL,1
321321683,"sldkaj","dlsakj",152,NULL,10,NULL,1
321321684,"sldkaj","dlsakj",153,NULL,10,NULL,1
321321685,"sldkaj","dlsakj",154,NULL,10,NULL,1
321321686,"sldkaj","dlsakj",155,NULL,10,NULL,1
321321687,"sldkaj","dlsakj",156,NULL,10,NULL,1
321321688,"sldkaj","dlsakj",157,NULL,10,NULL,1
321321689,"sldkaj","dlsakj",158,NULL,10,NULL,1
321321690,"sldkaj","dlsakj",159,NULL,10,NULL,1
321321691,"sldkaj","dlsakj",160,NULL,10,NULL,1
321321692,"sldkaj","dlsakj",161,NULL,10,NULL,1
321321693,"sldkaj","dlsakj",162,NULL,10,NULL,1
321321694,"sldkaj","dlsakj",163,NULL,10,NULL,1
321321695,"sldkaj","dlsakj",164,NULL,10,NULL,1
321321696,"sldkaj","dlsakj",165,NULL,10,NULL,1
321321697,"sldkaj","dlsakj",166,NULL,10,NULL,1
321321698,"sldkaj","dlsakj",167,NULL,10,NULL,1
321321699,"sldkaj","dlsakj",168,NULL,10,NULL,1
321321700,"sldkaj","dlsakj",169,NULL,10,NULL,1
321321701,"sldkaj","dlsakj",170,NULL,10,NULL,1
321321702,"sldkaj","dlsakj",171,NULL,10,NULL,1
321321703,"sldkaj","dlsakj",172,NULL,10,NULL,1
321321704,"sldkaj","dlsakj",173,NULL,10,NULL,1
321321705,"sldkaj","dlsakj",174,NULL,10,NULL,1
321321706,"sldkaj","dlsakj",175,NULL,10,NULL,1
321321707,"sldkaj","dlsakj",176,NULL,10,NULL,1
321321708,"sldkaj","dlsakj",177,NULL,10,NULL,1
321321709,"sldkaj","dlsakj",178,NULL,10,NULL,1
321321710,"sldkaj","dlsakj",179,NULL,10,NULL,1
321321711,"sldkaj","dlsakj",180,NULL,10,NULL,1
321321712,"sldkaj","dlsakj",181,NULL,10,NULL,1
321321713,"sldkaj","dlsakj",182,NULL,10,NULL,1
321321714,"sldkaj","dlsakj",183,NULL,10,NULL,1
321321715,"sldkaj","dlsakj",184,NULL,10,NULL,1
321321716,"sldkaj","dlsakj",185,NULL,10,NULL,1
321321717,"sldkaj","dlsakj",186,NULL,10,NULL,1
321321718,"sldkaj","dlsakj",187,NULL,10,NULL,1
321321719,"sldkaj","dlsakj",188,NULL,10,NULL,1
321321720,"sldkaj","dlsakj",189,NULL,10,NULL,1
321321721,"sldkaj","dlsakj",190,NULL,10,NULL,1
321321722,"sldkaj","dlsakj",191,NULL,10,NULL,1
321321723,"sldkaj","dlsakj",192,NULL,10,NULL,1
321321724,"sldkaj","dlsakj",193,NULL,10,NULL,1
321321725,"sldkaj","dlsakj",194,NULL,10,NULL,1
321321726,"sldkaj","dlsakj",195,NULL,10,NULL,1
321321727,"sldkaj","dlsakj",196,NULL,10,NULL,1
321321728,"sldkaj","dlsakj",197,NULL,10,NULL,1
321321729,"sldkaj","dlsakj",198,NULL,10,NULL,1
321321730,"sldkaj","dlsakj",199,NULL,10,NULL,1
321321731,"sldkaj","dlsakj",200,NULL,10,NULL,1
321321732,"sldkaj","dlsakj",201,NULL,10,NULL,1
321321733,"sldkaj","dlsakj",202,NULL,10,NULL,1
321321734,"sldkaj","dlsakj",203,NULL,10,NULL,1
321321735,"sldkaj","dlsakj",204,NULL,10,NULL,1
321321736,"sldkaj","dlsakj",205,NULL,10,NULL,1
321321737,"sldkaj","dlsakj",206,NULL,10,NULL,1
321321738,"sldkaj","dlsakj",207,NULL,10,NULL,1
321321739,"sldkaj","dlsakj",208,NULL,10,NULL,1
321321740,"sldkaj","dlsakj",209,NULL,10,NULL,1
321321741,"sldkaj","dlsakj",210,NULL,10,NULL,1
321321742,"sldkaj","dlsakj",211,NULL,10,NULL,1
321321743,"sldkaj","dlsakj",212,NULL,10,NULL,1
321321744,"sldkaj","dlsakj",213,NULL,10,NULL,1
321321745,"sldkaj","dlsakj",214,NULL,10,NULL,1
321321746,"sldkaj","dlsakj",215,NULL,10,NULL,1
321321747,"sldkaj","dlsakj",216,NULL,10,NULL,1
321321748,"sldkaj","dlsakj",217,NULL,10,NULL,1
321321749,"sldkaj","dlsakj",218,NULL,10,NULL,1
321321750,"sldkaj","dlsakj",219,NULL,10,NULL,1
321321751,"sldkaj","dlsakj",220,NULL,10,NULL,1
321321752,"sldkaj","dlsakj",221,NULL,10,NULL,1
321321753,"sldkaj","dlsakj",222,NULL,10,NULL,1
321321754,"sldkaj","dlsakj",223,NULL,10,NULL,1
321321755,"sldkaj","dlsakj",224,NULL,10,NULL,1
321321756,"sldkaj","dlsakj",225,NULL,10,NULL,1
321321757,"sldkaj","dlsakj",226,NULL,10,NULL,1
321321758,"sldkaj","dlsakj",227,NULL,10,NULL,1
321321759,"sldkaj","dlsakj",228,NULL,10,NULL,1
321321760,"sldkaj","dlsakj",229,NULL,10,NULL,1
321321761,"sldkaj","dlsakj",230,NULL,10,NULL,1
321321762,"sldkaj","dlsakj",231,NULL,10,NULL,1
321321763,"sldkaj","dlsakj",232,NULL,10,NULL,1
321321764,"sldkaj","dlsakj",233,NULL,10,NULL,1
321321765,"sldkaj","dlsakj",234,NULL,10,NULL,1
321321766,"sldkaj","dlsakj",235,NULL,10,NULL,1
321321767,"sldkaj","dlsakj",236,NULL,10,NULL,1
321321768,"sldkaj","dlsakj",237,NULL,10,NULL,1
321321769,"sldkaj","dlsakj",238,NULL,10,NULL,1
321321770,"sldkaj","dlsakj",239,NULL,10,NULL,1
321321771,"sldkaj","dlsakj",240,NULL,10,NULL,1
321321772,"sldkaj","dlsakj",241,NULL,10,NULL,1
321321773,"sldkaj","dlsakj",242,NULL,10,NULL,1
321321774,"sldkaj","dlsakj",243,NULL,10,NULL,1
321321775,"sldkaj","dlsakj",244,NULL,10,NULL,1
321321776,"sldkaj","dlsakj",245,NULL,10,NULL,1
321321777,"sldkaj","dlsakj",246,NULL,10,NULL,1
321321778,"sldkaj","dlsakj",247,NULL,10,NULL,1
321321779,"sldkaj","dlsakj",248,NULL,10,NULL,1
321321780,"sldkaj","dlsakj",249,NULL,10,NULL,1
321321781,"sldkaj","dlsakj",250,NULL,10,NULL,1
321321782,"sldkaj","dlsakj",251,NULL,10,NULL,1
321321783,"sldkaj","dlsakj",252,NULL,10,NULL,1
321321784,"sldkaj","dlsakj",253,NULL,10,NULL,1
321321785,"sldkaj","dlsakj",254,NULL,10,NULL,1
321321786,"sldkaj","dlsakj",255,NULL,10,NULL,1
321321787,"sldkaj","dlsakj",256,NULL,10,NULL,1
321321788,"sldkaj","dlsakj",257,NULL,10,NULL,1
321321789,"sldkaj","dlsakj",258,NULL,10,NULL,1
321321790,"sldkaj","dlsakj",259,NULL,10,NULL,1
321321791,"sldkaj","dlsakj",260,NULL,10,NULL,1
321321792,"sldkaj","dlsakj",261,NULL,10,NULL,1
321321793,"sldkaj","dlsakj",262,NULL,10,NULL,1
321321794,"sldkaj","dlsakj",263,NULL,10,NULL,1
321321795,"sldkaj","dlsakj",264,NULL,10,NULL,1
321321796,"sldkaj","dlsakj",265,NULL,10,NULL,1
321321797,"sldkaj","dlsakj",266,NULL,10,NULL,1
321321798,"sldkaj","dlsakj",267,NULL,10,NULL,1
321321799,"sldkaj","dlsakj",268,NULL,10,NULL,1
321321800,"sldkaj","dlsakj",269,NULL,10,NULL,1
321321801,"sldkaj","dlsakj",270,NULL,10,NULL,1
321321802,"sldkaj","dlsakj",271,NULL,10,NULL,1
321321803,"sldkaj","dlsakj",272,NULL,10,NULL,1
321321804,"sldkaj","dlsakj",273,NULL,10,NULL,1
321321805,"sldkaj","dlsakj",274,NULL,10,NULL,1
321321806,"sldkaj","dlsakj",275,NULL,10,NULL,1
321321807,"sldkaj","dlsakj",276,NULL,10,NULL,1
321321808,"sldkaj","dlsakj",277,NULL,10,NULL,1
321321809,"sldkaj","dlsakj",278,NULL,10,NULL,1
321321810,"sldkaj","dlsakj",279,NULL,10,NULL,1
321321811,"sldkaj","dlsakj",280,NULL,10,NULL,1
321321812,"sldkaj","dlsakj",281,NULL,10,NULL,1
321321813,"sldkaj","dlsakj",282,NULL,10,NULL,1
321321814,"sldkaj","dlsakj",283,NULL,10,NULL,1
321321815,"sldkaj","dlsakj",284,NULL,10,NULL,1
321321816,"sldkaj","dlsakj",285,NULL,10,NULL,1
321321817,"sldkaj","dlsakj",286,NULL,10,NULL,1
321321818,"sldkaj","dlsakj",287,NULL,10,NULL,1
321321819,"sldkaj","dlsakj",288,NULL,10,NULL,1
321321820,"sldkaj","dlsakj",289,NULL,10,NULL,1
321321821,"sldkaj","dlsakj",290,NULL,10,NULL,1
321321822,"sldkaj","dlsakj",291,NULL,10,NULL,1
321321823,"sldkaj","dlsakj",292,NULL,10,NULL,1
321321824,"sldkaj","dlsakj",293,NULL,10,NULL,1
321321825,"sldkaj","dlsakj",294,NULL,10,NULL,1
321321826,"sldkaj","dlsakj",295,NULL,10,NULL,1
321321827,"sldkaj","dlsakj",296,NULL,10,NULL,1
321321828,"sldkaj","dlsakj",297,NULL,10,NULL,1
321321829,"sldkaj","dlsakj",298,NULL,10,NULL,1
321321830,"sldkaj","dlsakj",299,NULL,10,NULL,1
321321831,"sldkaj","dlsakj",300,NULL,10,NULL,1
321321832,"sldkaj","dlsakj",301,NULL,10,NULL,1
321321833,"sldkaj","dlsakj",302,NULL,10,NULL,1
321321834,"sldkaj","dlsakj",303,NULL,10,NULL,1
321321835,"sldkaj","dlsakj",304,NULL,10,NULL,1
321321836,"sldkaj","dlsakj",305,NULL,10,NULL,1
321321837,"sldkaj","dlsakj",306,NULL,10,NULL,1
321321838,"sldkaj","dlsakj",307,NULL,10,NULL,1
321321839,"sldkaj","dlsakj",308,NULL,10,NULL,1
321321840,"sldkaj","dlsakj",309,NULL,10,NULL,1
321321841,"sldkaj","dlsakj",310,NULL,10,NULL,1
321321842,"sldkaj","dlsakj",311,NULL,10,NULL,1
321321843,"sldkaj","dlsakj",312,NULL,10,NULL,1
321321844,"sldkaj","dlsakj",313,NULL,10,NULL,1
321321845,"sldkaj","dlsakj",314,NULL,10,NULL,1
321321846,"sldkaj","dlsakj",315,NULL,10,NULL,1
321321847,"sldkaj","dlsakj",316,NULL,10,NULL,1
321321848,"sldkaj","dlsakj",317,NULL,10,NULL,1
321321849,"sldkaj","dlsakj",318,NULL,10,NULL,1
321321850,"sldkaj","dlsakj",319,NULL,10,NULL,1
321321851,"sldkaj","dlsakj",320,NULL,10,NULL,1
321321852,"sldkaj","dlsakj",321,NULL,10,NULL,1
321321853,"sldkaj","dlsakj",322,NULL,10,NULL,1
321321854,"sldkaj","dlsakj",323,NULL,10,NULL,1
321321855,"sldkaj","dlsakj",324,NULL,10,NULL,1
321321856,"sldkaj","dlsakj",325,NULL,10,NULL,1
321321857,"sldkaj","dlsakj",326,NULL,10,NULL,1
321321858,"sldkaj","dlsakj",327,NULL,10,NULL,1
321321859,"sldkaj","dlsakj",328,NULL,10,NULL,1
321321860,"sldkaj","dlsakj",329,NULL,10,NULL,1
321321861,"sldkaj","dlsakj",330,NULL,10,NULL,1
321321862,"sldkaj","dlsakj",331,NULL,10,NULL,1
321321863,"sldkaj","dlsakj",332,NULL,10,NULL,1
321321864,"sldkaj","dlsakj",333,NULL,10,NULL,1
321321865,"sldkaj","dlsakj",334,NULL,10,NULL,1
321321866,"sldkaj","dlsakj",335,NULL,10,NULL,1
321321867,"sldkaj","dlsakj",336,NULL,10,NULL,1
321321868,"sldkaj","dlsakj",337,NULL,10,NULL,1
321321869,"sldkaj","dlsakj",338,NULL,10,NULL,1
321321870,"sldkaj","dlsakj",339,NULL,10,NULL,1
321321871,"sldkaj","dlsakj",340,NULL,10,NULL,1
321321872,"sldkaj","dlsakj",341,NULL,10,NULL,1
321321873,"sldkaj","dlsakj",342,NULL,10,NULL,1
321321874,"sldkaj","dlsakj",343,NULL,10,NULL,1
321321875,"sldkaj","dlsakj",344,NULL,10,NULL,1
321321876,"sldkaj","dlsakj",345,NULL,10,NULL,1
321321877,"sldkaj","dlsakj",346,NULL,10,NULL,1
321321878,"sldkaj","dlsakj",347,NULL,10,NULL,1
321321879,"sldkaj","dlsakj",348,NULL,10,NULL,1
321321880,"sldkaj","dlsakj",349,NULL,10,NULL,1
321321881,"sldkaj","dlsakj",350,NULL,10,NULL,1
321321882,"sldkaj","dlsakj",351,NULL,10,NULL,1
321321883,"sldkaj","dlsakj",352,NULL,10,NULL,1
321321884,"sldkaj","dlsakj",353,NULL,10,NULL,1
321321885,"sldkaj","dlsakj",354,NULL,10,NULL,1
321321886,"sldkaj","dlsakj",355,NULL,10,NULL,1
321321887,"sldkaj","dlsakj",356,NULL,10,NULL,1
321321888,"sldkaj","dlsakj",357,NULL,10,NULL,1
321321889,"sldkaj","dlsakj",358,NULL,10,NULL,1
321321890,"sldkaj","dlsakj",359,NULL,10,NULL,1
321321891,"sldkaj","dlsakj",360,NULL,10,NULL,1
321321892,"sldkaj","dlsakj",361,NULL,10,NULL,1
321321893,"sldkaj","dlsakj",362,NULL,10,NULL,1
321321894,"sldkaj","dlsakj",363,NULL,10,NULL,1
321321895,"sldkaj","dlsakj",364,NULL,10,NULL,1
321321896,"sldkaj","dlsakj",365,NULL,10,NULL,1
321321897,"sldkaj","dlsakj",366,NULL,10,NULL,1
321321898,"sldkaj","dlsakj",367,NULL,10,NULL,1
321321899,"sldkaj","dlsakj",368,NULL,10,NULL,1
321321900,"sldkaj","dlsakj",369,NULL,10,NULL,1
321321901,"sldkaj","dlsakj",370,NULL,10,NULL,1
321321902,"sldkaj","dlsakj",371,NULL,10,NULL,1
321321903,"sldkaj","dlsakj",372,NULL,10,NULL,1
321321904,"sldkaj","dlsakj",373,NULL,10,NULL,1
321321905,"sldkaj","dlsakj",374,NULL,10,NULL,1
321321906,"sldkaj","dlsakj",375,NULL,10,NULL,1
321321907,"sldkaj","dlsakj",376,NULL,10,NULL,1
321321908,"sldkaj","dlsakj",377,NULL,10,NULL,1
321321909,"sldkaj","dlsakj",378,NULL,10,NULL,1
321321910,"sldkaj","dlsakj",379,NULL,10,NULL,1
321321911,"sldkaj","dlsakj",380,NULL,10,NULL,1
321321912,"sldkaj","dlsakj",381,NULL,10,NULL,1
321321913,"sldkaj","dlsakj",382,NULL,10,NULL,1
321321914,"sldkaj","dlsakj",383,NULL,10,NULL,1
321321915,"sldkaj","dlsakj",384,NULL,10,NULL,1
321321916,"sldkaj","dlsakj",385,NULL,10,NULL,1
321321917,"sldkaj","dlsakj",386,NULL,10,NULL,1
321321918,"sldkaj","dlsakj",387,NULL,10,NULL,1
321321919,"sldkaj","dlsakj",388,NULL,10,NULL,1
321321920,"sldkaj","dlsakj",389,NULL,10,NULL,1
321321921,"sldkaj","dlsakj",390,NULL,10,NULL,1
321321922,"sldkaj","dlsakj",391,NULL,10,NULL,1
321321923,"sldkaj","dlsakj",392,NULL,10,NULL,1
321321924,"sldkaj","dlsakj",393,NULL,10,NULL,1
321321925,"sldkaj","dlsakj",394,NULL,10,NULL,1
321321926,"sldkaj","dlsakj",395,NULL,10,NULL,1
321321927,"sldkaj","dlsakj",396,NULL,10,NULL,1
321321928,"sldkaj","dlsakj",397,NULL,10,NULL,1
321321929,"sldkaj","dlsakj",398,NULL,10,NULL,1
321321930,"sldkaj","dlsakj",399,NULL,10,NULL,1
321321931,"sldkaj","dlsakj",400,NULL,10,NULL,1
321321932,"sldkaj","dlsakj",401,NULL,10,NULL,1
321321933,"sldkaj","dlsakj",402,NULL,10,NULL,1
321321934,"sldkaj","dlsakj",403,NULL,10,NULL,1
321321935,"sldkaj","dlsakj",404,NULL,10,NULL,1
321321936,"sldkaj","dlsakj",405,NULL,10,NULL,1
321321937,"sldkaj","dlsakj",406,NULL,10,NULL,1
321321938,"sldkaj","dlsakj",407,NULL,10,NULL,1
321321939,"sldkaj","dlsakj",408,NULL,10,NULL,1
321321940,"sldkaj","dlsakj",409,NULL,10,NULL,1
321321941,"sldkaj","dlsakj",410,NULL,10,NULL,1
321321942,"sldkaj","dlsakj",411,NULL,10,NULL,1
321321943,"sldkaj","dlsakj",412,NULL,10,NULL,1
321321944,"sldkaj","dlsakj",413,NULL,10,NULL,1
321321945,"sldkaj","dlsakj",414,NULL,10,NULL,1
321321946,"sldkaj","dlsakj",415,NULL,10,NULL,1
321321947,"sldkaj","dlsakj",416,NULL,10,NULL,1
321321948,"sldkaj","dlsakj",417,NULL,10,NULL,1
321321949,"sldkaj","dlsakj",418,NULL,10,NULL,1
321321950,"sldkaj","dlsakj",419,NULL,10,NULL,1
321321951,"sldkaj","dlsakj",420,NULL,10,NULL,1
321321952,"sldkaj","dlsakj",421,NULL,10,NULL,1
321321953,"sldkaj","dlsakj",422,NULL,10,NULL,1
321321954,"sldkaj","dlsakj",423,NULL,10,NULL,1
321321955,"sldkaj","dlsakj",424,NULL,10,NULL,1
321321956,"sldkaj","dlsakj",425,NULL,10,NULL,1
321321957,"sldkaj","dlsakj",426,NULL,10,NULL,1
321321958,"sldkaj","dlsakj",427,NULL,10,NULL,1
321321959,"sldkaj","dlsakj",428,NULL,10,NULL,1
321321960,"sldkaj","dlsakj",429,NULL,10,NULL,1
321321961,"sldkaj","dlsakj",430,NULL,10,NULL,1
321321962,"sldkaj","dlsakj",431,NULL,10,NULL,1
321321963,"sldkaj","dlsakj",432,NULL,10,NULL,1
321321964,"sldkaj","dlsakj",433,NULL,10,NULL,1
321321965,"sldkaj","dlsakj",434,NULL,10,NULL,1
321321966,"sldkaj","dlsakj",435,NULL,10,NULL,1
321321967,"sldkaj","dlsakj",436,NULL,10,NULL,1
321321968,"sldkaj","dlsakj",437,NULL,10,NULL,1
321321969,"sldkaj","dlsakj",438,NULL,10,NULL,1
321321970,"sldkaj","dlsakj",439,NULL,10,NULL,1
321321971,"sldkaj","dlsakj",440,NULL,10,NULL,1
321321972,"sldkaj","dlsakj",441,NULL,10,NULL,1
321321973,"sldkaj","dlsakj",442,NULL,10,NULL,1
321321974,"sldkaj","dlsakj",443,NULL,10,NULL,1
321321975,"sldkaj","dlsakj",444,NULL,10,NULL,1
321321976,"sldkaj","dlsakj",445,NULL,10,NULL,1
321321977,"sldkaj","dlsakj",446,NULL,10,NULL,1
321321978,"sldkaj","dlsakj",447,NULL,10,NULL,1
321321979,"sldkaj","dlsakj",448,NULL,10,NULL,1
321321980,"sldkaj","dlsakj",449,NULL,10,NULL,1
321321981,"sldkaj","dlsakj",450,NULL,10,NULL,1
321321982,"sldkaj","dlsakj",451,NULL,10,NULL,1
321321983,"sldkaj","dlsakj",452,NULL,10,NULL,1
321321984,"sldkaj","dlsakj",453,NULL,10,NULL,1
321321985,"sldkaj","dlsakj",454,NULL,10,NULL,1
321321986,"sldkaj","dlsakj",455,NULL,10,NULL,1
321321987,"sldkaj","dlsakj",456,NULL,10,NULL,1
321321988,"sldkaj","dlsakj",457,NULL,10,NULL,1
321321989,"sldkaj","dlsakj",458,NULL,10,NULL,1
321321990,"sldkaj","dlsakj",459,NULL,10,NULL,1
321321991,"sldkaj","dlsakj",460,NULL,10,NULL,1
321321992,"sldkaj","dlsakj",461,NULL,10,NULL,1
321321993,"sldkaj","dlsakj",462,NULL,10,NULL,1
321321994,"sldkaj","dlsakj",463,NULL,10,NULL,1
321321995,"sldkaj","dlsakj",464,NULL,10,NULL,1
321321996,"sldkaj","dlsakj",465,NULL,10,NULL,1
321321997,"sldkaj","dlsakj",466,NULL,10,NULL,1
321321998,"sldkaj","dlsakj",467,NULL,10,NULL,1
321321999,"sldkaj","dlsakj",468,NULL,10,NULL,1
321322000,"sldkaj","dlsakj",469,NULL,10,NULL,1
321322001,"sldkaj","dlsakj",470,NULL,10,NULL,1
321322002,"sldkaj","dlsakj",471,NULL,10,NULL,1
321322003,"sldkaj","dlsakj",472,NULL,10,NULL,1
321322004,"sldkaj","dlsakj",473,NULL,10,NULL,1
321322005,"sldkaj","dlsakj",474,NULL,10,NULL,1
321322006,"sldkaj","dlsakj",475,NULL,10,NULL,1
321322007,"sldkaj","dlsakj",476,NULL,10,NULL,1
321322008,"sldkaj","dlsakj",477,NULL,10,NULL,1
321322009,"sldkaj","dlsakj",478,NULL,10,NULL,1
321322010,"sldkaj","dlsakj",479,NULL,10,NULL,1
321322011,"sldkaj","dlsakj",480,NULL,10,NULL,1
321322012,"sldkaj","dlsakj",481,NULL,10,NULL,1
321322013,"sldkaj","dlsakj",482,NULL,10,NULL,1
321322014,"sldkaj","dlsakj",483,NULL,10,NULL,1
321322015,"sldkaj","dlsakj",484,NULL,10,NULL,1
321322016,"sldkaj","dlsakj",485,NULL,10,NULL,1
321322017,"sldkaj","dlsakj",486,NULL,10,NULL,1
321322018,"sldkaj","dlsakj",487,NULL,10,NULL,1
321322019,"sldkaj","dlsakj",488,NULL,10,NULL,1
321322020,"sldkaj","dlsakj",489,NULL,10,NULL,1
321322021,"sldkaj","dlsakj",490,NULL,10,NULL,1
321322022,"sldkaj","dlsakj",491,NULL,10,NULL,1
321322023,"sldkaj","dlsakj",492,NULL,10,NULL,1
321322024,"sldkaj","dlsakj",493,NULL,10,NULL,1
321322025,"sldkaj","dlsakj",494,NULL,10,NULL,1
321322026,"sldkaj","dlsakj",495,NULL,10,NULL,1
321322027,"sldkaj","dlsakj",496,NULL,10,NULL,1
321322028,"sldkaj","dlsakj",497,NULL,10,NULL,1
321322029,"sldkaj","dlsakj",498,NULL,10,NULL,1
321322030,"sldkaj","dlsakj",499,NULL,10,NULL,1
321322031,"sldkaj","dlsakj",500,NULL,10,NULL,1
321322032,"sldkaj","dlsakj",501,NULL,10,NULL,1
321322033,"sldkaj","dlsakj",502,NULL,10,NULL,1
321322034,"sldkaj","dlsakj",503,NULL,10,NULL,1
321322035,"sldkaj","dlsakj",504,NULL,10,NULL,1
321322036,"sldkaj","dlsakj",505,NULL,10,NULL,1
321322037,"sldkaj","dlsakj",506,NULL,10,NULL,1
321322038,"sldkaj","dlsakj",507,NULL,10,NULL,1
321322039,"sldkaj","dlsakj",508,NULL,10,NULL,1
321322040,"sldkaj","dlsakj",509,NULL,10,NULL,1
321322041,"sldkaj","dlsakj",510,NULL,10,NULL,1
321322042,"sldkaj","dlsakj",511,NULL,10,NULL,1
321322043,"sldkaj","dlsakj",512,NULL,10,NULL,1
321322044,"sldkaj","dlsakj",513,NULL,10,NULL,1
321322045,"sldkaj","dlsakj",514,NULL,10,NULL,1
321322046,"sldkaj","dlsakj",515,NULL,10,NULL,1
321322047,"sldkaj","dlsakj",516,NULL,10,NULL,1
321322048,"sldkaj","dlsakj",517,NULL,10,NULL,1
321322049,"sldkaj","dlsakj",518,NULL,10,NULL,1
321322050,"sldkaj","dlsakj",519,NULL,10,NULL,1
321322051,"sldkaj","dlsakj",520,NULL,10,NULL,1
321322052,"sldkaj","dlsakj",521,NULL,10,NULL,1
321322053,"sldkaj","dlsakj",522,NULL,10,NULL,1
321322054,"sldkaj","dlsakj",523,NULL,10,NULL,1
321322055,"sldkaj","dlsakj",524,NULL,10,NULL,1
321322056,"sldkaj","dlsakj",525,NULL,10,NULL,1
321322057,"sldkaj","dlsakj",526,NULL,10,NULL,1
321322058,"sldkaj","dlsakj",527,NULL,10,NULL,1
321322059,"sldkaj","dlsakj",528,NULL,10,NULL,1
321322060,"sldkaj","dlsakj",529,NULL,10,NULL,1
321322061,"sldkaj","dlsakj",530,NULL,10,NULL,1
321322062,"sldkaj","dlsakj",531,NULL,10,NULL,1
321322063,"sldkaj","dlsakj",532,NULL,10,NULL,1
321322064,"sldkaj","dlsakj",533,NULL,10,NULL,1
321322065,"sldkaj","dlsakj",534,NULL,10,NULL,1
321322066,"sldkaj","dlsakj",535,NULL,10,NULL,1
321322067,"sldkaj","dlsakj",536,NULL,10,NULL,1
321322068,"sldkaj","dlsakj",537,NULL,10,NULL,1
321322069,"sldkaj","dlsakj",538,NULL,10,NULL,1
321322070,"sldkaj","dlsakj",539,NULL,10,NULL,1
321322071,"sldkaj","dlsakj",540,NULL,10,NULL,1
321322072,"sldkaj","dlsakj",541,NULL,10,NULL,1
321322073,"sldkaj","dlsakj",542,NULL,10,NULL,1
321322074,"sldkaj","dlsakj",543,NULL,10,NULL,1
321322075,"sldkaj","dlsakj",544,NULL,10,NULL,1
321322076,"sldkaj","dlsakj",545,NULL,10,NULL,1
321322077,"sldkaj","dlsakj",546,NULL,10,NULL,1
321322078,"sldkaj","dlsakj",547,NULL,10,NULL,1
321322079,"sldkaj","dlsakj",548,NULL,10,NULL,1
321322080,"sldkaj","dlsakj",549,NULL,10,NULL,1
321322081,"sldkaj","dlsakj",550,NULL,10,NULL,1
321322082,"sldkaj","dlsakj",551,NULL,10,NULL,1
321322083,"sldkaj","dlsakj",552,NULL,10,NULL,1
321322084,"sldkaj","dlsakj",553,NULL,10,NULL,1
321322085,"sldkaj","dlsakj",554,NULL,10,NULL,1
321322086,"sldkaj","dlsakj",555,NULL,10,NULL,1
321322087,"sldkaj","dlsakj",556,NULL,10,NULL,1
321322088,"sldkaj","dlsakj",557,NULL,10,NULL,1
321322089,"sldkaj","dlsakj",558,NULL,10,NULL,1
321322090,"sldkaj","dlsakj",559,NULL,10,NULL,1
321322091,"sldkaj","dlsakj",560,NULL,10,NULL,1
321322092,"sldkaj","dlsakj",561,NULL,10,NULL,1
321322093,"sldkaj","dlsakj",562,NULL,10,NULL,1
321322094,"sldkaj","dlsakj",563,NULL,10,NULL,1
321322095,"sldkaj","dlsakj",564,NULL,10,NULL,1
321322096,"sldkaj","dlsakj",565,NULL,10,NULL,1
321322097,"sldkaj","dlsakj",566,NULL,10,NULL,1
321322098,"sldkaj","dlsakj",567,NULL,10,NULL,1
321322099,"sldkaj","dlsakj",568,NULL,10,NULL,1
321322100,"sldkaj","dlsakj",569,NULL,10,NULL,1
321322101,"sldkaj","dlsakj",570,NULL,10,NULL,1
321322102,"sldkaj","dlsakj",571,NULL,10,NULL,1
321322103,"sldkaj","dlsakj",572,NULL,10,NULL,1
321322104,"sldkaj","dlsakj",573,NULL,10,NULL,1
321322105,"sldkaj","dlsakj",574,NULL,10,NULL,1
321322106,"sldkaj","dlsakj",575,NULL,10,NULL,1
321322107,"sldkaj","dlsakj",576,NULL,10,NULL,1
321322108,"sldkaj","dlsakj",577,NULL,10,NULL,1
321322109,"sldkaj","dlsakj",578,NULL,10,NULL,1
321322110,"sldkaj","dlsakj",579,NULL,10,NULL,1
321322111,"sldkaj","dlsakj",580,NULL,10,NULL,1
321322112,"sldkaj","dlsakj",581,NULL,10,NULL,1
321322113,"sldkaj","dlsakj",582,NULL,10,NULL,1
321322114,"sldkaj","dlsakj",583,NULL,10,NULL,1
321322115,"sldkaj","dlsakj",584,NULL,10,NULL,1
321322116,"sldkaj","dlsakj",585,NULL,10,NULL,1
321322117,"sldkaj","dlsakj",586,NULL,10,NULL,1
321322118,"sldkaj","dlsakj",587,NULL,10,NULL,1
321322119,"sldkaj","dlsakj",588,NULL,10,NULL,1
321322120,"sldkaj","dlsakj",589,NULL,10,NULL,1
321322121,"sldkaj","dlsakj",590,NULL,10,NULL,1
321322122,"sldkaj","dlsakj",591,NULL,10,NULL,1
321322123,"sldkaj","dlsakj",592,NULL,10,NULL,1
321322124,"sldkaj","dlsakj",593,NULL,10,NULL,1
321322125,"sldkaj","dlsakj",594,NULL,10,NULL,1
321322126,"sldkaj","dlsakj",595,NULL,10,NULL,1
321322127,"sldkaj","dlsakj",596,NULL,10,NULL,1
321322128,"sldkaj","dlsakj",597,NULL,10,NULL,1
321322129,"sldkaj","dlsakj",598,NULL,10,NULL,1
321322130,"sldkaj","dlsakj",599,NULL,10,NULL,1
321322131,"sldkaj","dlsakj",600,NULL,10,NULL,1
321322132,"sldkaj","dlsakj",601,NULL,10,NULL,1
321322133,"sldkaj","dlsakj",602,NULL,10,NULL,1
321322134,"sldkaj","dlsakj",603,NULL,10,NULL,1
321322135,"sldkaj","dlsakj",604,NULL,10,NULL,1
321322136,"sldkaj","dlsakj",605,NULL,10,NULL,1
321322137,"sldkaj","dlsakj",606,NULL,10,NULL,1
321322138,"sldkaj","dlsakj",607,NULL,10,NULL,1
321322139,"sldkaj","dlsakj",608,NULL,10,NULL,1
321322140,"sldkaj","dlsakj",609,NULL,10,NULL,1
321322141,"sldkaj","dlsakj",610,NULL,10,NULL,1
321322142,"sldkaj","dlsakj",611,NULL,10,NULL,1
321322143,"sldkaj","dlsakj",612,NULL,10,NULL,1
321322144,"sldkaj","dlsakj",613,NULL,10,NULL,1
321322145,"sldkaj","dlsakj",614,NULL,10,NULL,1
321322146,"sldkaj","dlsakj",615,NULL,10,NULL,1
321322147,"sldkaj","dlsakj",616,NULL,10,NULL,1
321322148,"sldkaj","dlsakj",617,NULL,10,NULL,1
321322149,"sldkaj","dlsakj",618,NULL,10,NULL,1
321322150,"sldkaj","dlsakj",619,NULL,10,NULL,1
321322151,"sldkaj","dlsakj",620,NULL,10,NULL,1
321322152,"sldkaj","dlsakj",621,NULL,10,NULL,1
321322153,"sldkaj","dlsakj",622,NULL,10,NULL,1
321322154,"sldkaj","dlsakj",623,NULL,10,NULL,1
321322155,"sldkaj","dlsakj",624,NULL,10,NULL,1
321322156,"sldkaj","dlsakj",625,NULL,10,NULL,1
321322157,"sldkaj","dlsakj",626,NULL,10,NULL,1
321322158,"sldkaj","dlsakj",627,NULL,10,NULL,1
321322159,"sldkaj","dlsakj",628,NULL,10,NULL,1
321322160,"sldkaj","dlsakj",629,NULL,10,NULL,1
321322161,"sldkaj","dlsakj",630,NULL,10,NULL,1
321322162,"sldkaj","dlsakj",631,NULL,10,NULL,1
321322163,"sldkaj","dlsakj",632,NULL,10,NULL,1
321322164,"sldkaj","dlsakj",633,NULL,10,NULL,1
321322165,"sldkaj","dlsakj",634,NULL,10,NULL,1
321322166,"sldkaj","dlsakj",635,NULL,10,NULL,1
321322167,"sldkaj","dlsakj",636,NULL,10,NULL,1
321322168,"sldkaj","dlsakj",637,NULL,10,NULL,1
321322169,"sldkaj","dlsakj",638,NULL,10,NULL,1
321322170,"sldkaj","dlsakj",639,NULL,10,NULL,1
321322171,"sldkaj","dlsakj",640,NULL,10,NULL,1
321322172,"sldkaj","dlsakj",641,NULL,10,NULL,1
321322173,"sldkaj","dlsakj",642,NULL,10,NULL,1
321322174,"sldkaj","dlsakj",643,NULL,10,NULL,1
321322175,"sldkaj","dlsakj",644,NULL,10,NULL,1
321322176,"sldkaj","dlsakj",645,NULL,10,NULL,1
321322177,"sldkaj","dlsakj",646,NULL,10,NULL,1
321322178,"sldkaj","dlsakj",647,NULL,10,NULL,1
321322179,"sldkaj","dlsakj",648,NULL,10,NULL,1
321322180,"sldkaj","dlsakj",649,NULL,10,NULL,1
321322181,"sldkaj","dlsakj",650,NULL,10,NULL,1
321322182,"sldkaj","dlsakj",651,NULL,10,NULL,1
321322183,"sldkaj","dlsakj",652,NULL,10,NULL,1
321322184,"sldkaj","dlsakj",653,NULL,10,NULL,1
321322185,"sldkaj","dlsakj",654,NULL,10,NULL,1
321322186,"sldkaj","dlsakj",655,NULL,10,NULL,1
321322187,"sldkaj","dlsakj",656,NULL,10,NULL,1
321322188,"sldkaj","dlsakj",657,NULL,10,NULL,1
321322189,"sldkaj","dlsakj",658,NULL,10,NULL,1
321322190,"sldkaj","dlsakj",659,NULL,10,NULL,1
321322191,"sldkaj","dlsakj",660,NULL,10,NULL,1
321322192,"sldkaj","dlsakj",661,NULL,10,NULL,1
321322193,"sldkaj","dlsakj",662,NULL,10,NULL,1
321322194,"sldkaj","dlsakj",663,NULL,10,NULL,1
321322195,"sldkaj","dlsakj",664,NULL,10,NULL,1
321322196,"sldkaj","dlsakj",665,NULL,10,NULL,1
321322197,"sldkaj","dlsakj",666,NULL,10,NULL,1
321322198,"sldkaj","dlsakj",667,NULL,10,NULL,1
321322199,"sldkaj","dlsakj",668,NULL,10,NULL,1
321322200,"sldkaj","dlsakj",669,NULL,10,NULL,1
321322201,"sldkaj","dlsakj",670,NULL,10,NULL,1
321322202,"sldkaj","dlsakj",671,NULL,10,NULL,1
321322203,"sldkaj","dlsakj",672,NULL,10,NULL,1
321322204,"sldkaj","dlsakj",673,NULL,10,NULL,1
321322205,"sldkaj","dlsakj",674,NULL,10,NULL,1
321322206,"sldkaj","dlsakj",675,NULL,10,NULL,1
321322207,"sldkaj","dlsakj",676,NULL,10,NULL,1
321322208,"sldkaj","dlsakj",677,NULL,10,NULL,1
321322209,"sldkaj","dlsakj",678,NULL,10,NULL,1
321322210,"sldkaj","dlsakj",679,NULL,10,NULL,1
321322211,"sldkaj","dlsakj",680,NULL,10,NULL,1
321322212,"sldkaj","dlsakj",681,NULL,10,NULL,1
321322213,"sldkaj","dlsakj",682,NULL,10,NULL,1
321322214,"sldkaj","dlsakj",683,NULL,10,NULL,1
321322215,"sldkaj","dlsakj",684,NULL,10,NULL,1
321322216,"sldkaj","dlsakj",685,NULL,10,NULL,1
321322217,"sldkaj","dlsakj",686,NULL,10,NULL,1
321322218,"sldkaj","dlsakj",687,NULL,10,NULL,1
321322219,"sldkaj","dlsakj",688,NULL,10,NULL,1
321322220,"sldkaj","dlsakj",689,NULL,10,NULL,1
321322221,"sldkaj","dlsakj",690,NULL,10,NULL,1
321322222,"sldkaj","dlsakj",691,NULL,10,NULL,1
321322223,"sldkaj","dlsakj",692,NULL,10,NULL,1
321322224,"sldkaj","dlsakj",693,NULL,10,NULL,1
321322225,"sldkaj","dlsakj",694,NULL,10,NULL,1
321322226,"sldkaj","dlsakj",695,NULL,10,NULL,1
321322227,"sldkaj","dlsakj",696,NULL,10,NULL,1
321322228,"sldkaj","dlsakj",697,NULL,10,NULL,1
321322229,"sldkaj","dlsakj",698,NULL,10,NULL,1
321322230,"sldkaj","dlsakj",699,NULL,10,NULL,1
321322231,"sldkaj","dlsakj",700,NULL,10,NULL,1
321322232,"sldkaj","dlsakj",701,NULL,10,NULL,1
321322233,"sldkaj","dlsakj",702,NULL,10,NULL,1
321322234,"sldkaj","dlsakj",703,NULL,10,NULL,1
321322235,"sldkaj","dlsakj",704,NULL,10,NULL,1
321322236,"sldkaj","dlsakj",705,NULL,10,NULL,1
321322237,"sldkaj","dlsakj",706,NULL,10,NULL,1
321322238,"sldkaj","dlsakj",707,NULL,10,NULL,1
321322239,"sldkaj","dlsakj",708,NULL,10,NULL,1
321322240,"sldkaj","dlsakj",709,NULL,10,NULL,1
321322241,"sldkaj","dlsakj",710,NULL,10,NULL,1
321322242,"sldkaj","dlsakj",711,NULL,10,NULL,1
321322243,"sldkaj","dlsakj",712,NULL,10,NULL,1
321322244,"sldkaj","dlsakj",713,NULL,10,NULL,1
321322245,"sldkaj","dlsakj",714,NULL,10,NULL,1
321322246,"sldkaj","dlsakj",715,NULL,10,NULL,1
321322247,"sldkaj","dlsakj",716,NULL,10,NULL,1
321322248,"sldkaj","dlsakj",717,NULL,10,NULL,1
321322249,"sldkaj","dlsakj",718,NULL,10,NULL,1
321322250,"sldkaj","dlsakj",719,NULL,10,NULL,1
321322251,"sldkaj","dlsakj",720,NULL,10,NULL,1
321322252,"sldkaj","dlsakj",721,NULL,10,NULL,1
321322253,"sldkaj","dlsakj",722,NULL,10,NULL,1
321322254,"sldkaj","dlsakj",723,NULL,10,NULL,1
321322255,"sldkaj","dlsakj",724,NULL,10,NULL,1
321322256,"sldkaj","dlsakj",725,NULL,10,NULL,1
321322257,"sldkaj","dlsakj",726,NULL,10,NULL,1
321322258,"sldkaj","dlsakj",727,NULL,10,NULL,1
321322259,"sldkaj","dlsakj",728,NULL,10,NULL,1
321322260,"sldkaj","dlsakj",729,NULL,10,NULL,1
321322261,"sldkaj","dlsakj",730,NULL,10,NULL,1
321322262,"sldkaj","dlsakj",731,NULL,10,NULL,1
321322263,"sldkaj","dlsakj",732,NULL,10,NULL,1
321322264,"sldkaj","dlsakj",733,NULL,10,NULL,1
321322265,"sldkaj","dlsakj",734,NULL,10,NULL,1
321322266,"sldkaj","dlsakj",735,NULL,10,NULL,1
321322267,"sldkaj","dlsakj",736,NULL,10,NULL,1
321322268,"sldkaj","dlsakj",737,NULL,10,NULL,1
321322269,"sldkaj","dlsakj",738,NULL,10,NULL,1
321322270,"sldkaj","dlsakj",739,NULL,10,NULL,1
321322271,"sldkaj","dlsakj",740,NULL,10,NULL,1
321322272,"sldkaj","dlsakj",741,NULL,10,NULL,1
321322273,"sldkaj","dlsakj",742,NULL,10,NULL,1
321322274,"sldkaj","dlsakj",743,NULL,10,NULL,1
321322275,"sldkaj","dlsakj",744,NULL,10,NULL,1
321322276,"sldkaj","dlsakj",745,NULL,10,NULL,1
321322277,"sldkaj","dlsakj",746,NULL,10,NULL,1
321322278,"sldkaj","dlsakj",747,NULL,10,NULL,1
321322279,"sldkaj","dlsakj",748,NULL,10,NULL,1
321322280,"sldkaj","dlsakj",749,NULL,10,NULL,1
321322281,"sldkaj","dlsakj",750,NULL,10,NULL,1
321322282,"sldkaj","dlsakj",751,NULL,10,NULL,1
321322283,"sldkaj","dlsakj",752,NULL,10,NULL,1
321322284,"sldkaj","dlsakj",753,NULL,10,NULL,1
321322285,"sldkaj","dlsakj",754,NULL,10,NULL,1
321322286,"sldkaj","dlsakj",755,NULL,10,NULL,1
321322287,"sldkaj","dlsakj",756,NULL,10,NULL,1
321322288,"sldkaj","dlsakj",757,NULL,10,NULL,1
321322289,"sldkaj","dlsakj",758,NULL,10,NULL,1
321322290,"sldkaj","dlsakj",759,NULL,10,NULL,1
321322291,"sldkaj","dlsakj",760,NULL,10,NULL,1
321322292,"sldkaj","dlsakj",761,NULL,10,NULL,1
321322293,"sldkaj","dlsakj",762,NULL,10,NULL,1
321322294,"sldkaj","dlsakj",763,NULL,10,NULL,1
321322295,"sldkaj","dlsakj",764,NULL,10,NULL,1
321322296,"sldkaj","dlsakj",765,NULL,10,NULL,1
321322297,"sldkaj","dlsakj",766,NULL,10,NULL,1
321322298,"sldkaj","dlsakj",767,NULL,10,NULL,1
321322299,"sldkaj","dlsakj",768,NULL,10,NULL,1
321322300,"sldkaj","dlsakj",769,NULL,10,NULL,1
321322301,"sldkaj","dlsakj",770,NULL,10,NULL,1
321322302,"sldkaj","dlsakj",771,NULL,10,NULL,1
321322303,"sldkaj","dlsakj",772,NULL,10,NULL,1
321322304,"sldkaj","dlsakj",773,NULL,10,NULL,1
321322305,"sldkaj","dlsakj",774,NULL,10,NULL,1
321322306,"sldkaj","dlsakj",775,NULL,10,NULL,1
321322307,"sldkaj","dlsakj",776,NULL,10,NULL,1
321322308,"sldkaj","dlsakj",777,NULL,10,NULL,1
321322309,"sldkaj","dlsakj",778,NULL,10,NULL,1
321322310,"sldkaj","dlsakj",779,NULL,10,NULL,1
321322311,"sldkaj","dlsakj",780,NULL,10,NULL,1
321322312,"sldkaj","dlsakj",781,NULL,10,NULL,1
321322313,"sldkaj","dlsakj",782,NULL,10,NULL,1
321322314,"sldkaj","dlsakj",783,NULL,10,NULL,1
321322315,"sldkaj","dlsakj",784,NULL,10,NULL,1
321322316,"sldkaj","dlsakj",785,NULL,10,NULL,1
321322317,"sldkaj","dlsakj",786,NULL,10,NULL,1
321322318,"sldkaj","dlsakj",787,NULL,10,NULL,1
321322319,"sldkaj","dlsakj",788,NULL,10,NULL,1
321322320,"sldkaj","dlsakj",789,NULL,10,NULL,1
321322321,"sldkaj","dlsakj",790,NULL,10,NULL,1
321322322,"sldkaj","dlsakj",791,NULL,10,NULL,1
321322323,"sldkaj","dlsakj",792,NULL,10,NULL,1
321322324,"sldkaj","dlsakj",793,NULL,10,NULL,1
321322325,"sldkaj","dlsakj",794,NULL,10,NULL,1
321322326,"sldkaj","dlsakj",795,NULL,10,NULL,1
321322327,"sldkaj","dlsakj",796,NULL,10,NULL,1
321322328,"sldkaj","dlsakj",797,NULL,10,NULL,1
321322329,"sldkaj","dlsakj",798,NULL,10,NULL,1
321322330,"sldkaj","dlsakj",799,NULL,10,NULL,1
321322331,"sldkaj","dlsakj",800,NULL,10,NULL,1
321322332,"sldkaj","dlsakj",801,NULL,10,NULL,1
321322333,"sldkaj","dlsakj",802,NULL,10,NULL,1
321322334,"sldkaj","dlsakj",803,NULL,10,NULL,1
321322335,"sldkaj","dlsakj",804,NULL,10,NULL,1
321322336,"sldkaj","dlsakj",805,NULL,10,NULL,1
321322337,"sldkaj","dlsakj",806,NULL,10,NULL,1
321322338,"sldkaj","dlsakj",807,NULL,10,NULL,1
321322339,"sldkaj","dlsakj",808,NULL,10,NULL,1
321322340,"sldkaj","dlsakj",809,NULL,10,NULL,1
321322341,"sldkaj","dlsakj",810,NULL,10,NULL,1
321322342,"sldkaj","dlsakj",811,NULL,10,NULL,1
321322343,"sldkaj","dlsakj",812,NULL,10,NULL,1
321322344,"sldkaj","dlsakj",813,NULL,10,NULL,1
321322345,"sldkaj","dlsakj",814,NULL,10,NULL,1
321322346,"sldkaj","dlsakj",815,NULL,10,NULL,1
321322347,"sldkaj","dlsakj",816,NULL,10,NULL,1
321322348,"sldkaj","dlsakj",817,NULL,10,NULL,1
321322349,"sldkaj","dlsakj",818,NULL,10,NULL,1
321322350,"sldkaj","dlsakj",819,NULL,10,NULL,1
321322351,"sldkaj","dlsakj",820,NULL,10,NULL,1
321322352,"sldkaj","dlsakj",821,NULL,10,NULL,1
321322353,"sldkaj","dlsakj",822,NULL,10,NULL,1
321322354,"sldkaj","dlsakj",823,NULL,10,NULL,1
321322355,"sldkaj","dlsakj",824,NULL,10,NULL,1
321322356,"sldkaj","dlsakj",825,NULL,10,NULL,1
321322357,"sldkaj","dlsakj",826,NULL,10,NULL,1
321322358,"sldkaj","dlsakj",827,NULL,10,NULL,1
321322359,"sldkaj","dlsakj",828,NULL,10,NULL,1
321322360,"sldkaj","dlsakj",829,NULL,10,NULL,1
321322361,"sldkaj","dlsakj",830,NULL,10,NULL,1
321322362,"sldkaj","dlsakj",831,NULL,10,NULL,1
321322363,"sldkaj","dlsakj",832,NULL,10,NULL,1
321322364,"sldkaj","dlsakj",833,NULL,10,NULL,1
321322365,"sldkaj","dlsakj",834,NULL,10,NULL,1
321322366,"sldkaj","dlsakj",835,NULL,10,NULL,1
321322367,"sldkaj","dlsakj",836,NULL,10,NULL,1
321322368,"sldkaj","dlsakj",837,NULL,10,NULL,1
321322369,"sldkaj","dlsakj",838,NULL,10,NULL,1
321322370,"sldkaj","dlsakj",839,NULL,10,NULL,1
321322371,"sldkaj","dlsakj",840,NULL,10,NULL,1
321322372,"sldkaj","dlsakj",841,NULL,10,NULL,1
321322373,"sldkaj","dlsakj",842,NULL,10,NULL,1
321322374,"sldkaj","dlsakj",843,NULL,10,NULL,1
321322375,"sldkaj","dlsakj",844,NULL,10,NULL,1
321322376,"sldkaj","dlsakj",845,NULL,10,NULL,1
321322377,"sldkaj","dlsakj",846,NULL,10,NULL,1
321322378,"sldkaj","dlsakj",847,NULL,10,NULL,1
321322379,"sldkaj","dlsakj",848,NULL,10,NULL,1
321322380,"sldkaj","dlsakj",849,NULL,10,NULL,1
321322381,"sldkaj","dlsakj",850,NULL,10,NULL,1
321322382,"sldkaj","dlsakj",851,NULL,10,NULL,1
321322383,"sldkaj","dlsakj",852,NULL,10,NULL,1
321322384,"sldkaj","dlsakj",853,NULL,10,NULL,1
321322385,"sldkaj","dlsakj",854,NULL,10,NULL,1
321322386,"sldkaj","dlsakj",855,NULL,10,NULL,1
321322387,"sldkaj","dlsakj",856,NULL,10,NULL,1
321322388,"sldkaj","dlsakj",857,NULL,10,NULL,1
321322389,"sldkaj","dlsakj",858,NULL,10,NULL,1
321322390,"sldkaj","dlsakj",859,NULL,10,NULL,1
321322391,"sldkaj","dlsakj",860,NULL,10,NULL,1
321322392,"sldkaj","dlsakj",861,NULL,10,NULL,1
321322393,"sldkaj","dlsakj",862,NULL,10,NULL,1
321322394,"sldkaj","dlsakj",863,NULL,10,NULL,1
321322395,"sldkaj","dlsakj",864,NULL,10,NULL,1
321322396,"sldkaj","dlsakj",865,NULL,10,NULL,1
321322397,"sldkaj","dlsakj",866,NULL,10,NULL,1
321322398,"sldkaj","dlsakj",867,NULL,10,NULL,1
321322399,"sldkaj","dlsakj",868,NULL,10,NULL,1
321322400,"sldkaj","dlsakj",869,NULL,10,NULL,1
321322401,"sldkaj","dlsakj",870,NULL,10,NULL,1
321322402,"sldkaj","dlsakj",871,NULL,10,NULL,1
321322403,"sldkaj","dlsakj",872,NULL,10,NULL,1
321322404,"sldkaj","dlsakj",873,NULL,10,NULL,1
321322405,"sldkaj","dlsakj",874,NULL,10,NULL,1
321322406,"sldkaj","dlsakj",875,NULL,10,NULL,1
321322407,"sldkaj","dlsakj",876,NULL,10,NULL,1
321322408,"sldkaj","dlsakj",877,NULL,10,NULL,1
321322409,"sldkaj","dlsakj",878,NULL,10,NULL,1
321322410,"sldkaj","dlsakj",879,NULL,10,NULL,1
321322411,"sldkaj","dlsakj",880,NULL,10,NULL,1
321322412,"sldkaj","dlsakj",881,NULL,10,NULL,1
321322413,"sldkaj","dlsakj",882,NULL,10,NULL,1
321322414,"sldkaj","dlsakj",883,NULL,10,NULL,1
321322415,"sldkaj","dlsakj",884,NULL,10,NULL,1
321322416,"sldkaj","dlsakj",885,NULL,10,NULL,1
321322417,"sldkaj","dlsakj",886,NULL,10,NULL,1
321322418,"sldkaj","dlsakj",887,NULL,10,NULL,1
321322419,"sldkaj","dlsakj",888,NULL,10,NULL,1
321322420,"sldkaj","dlsakj",889,NULL,10,NULL,1
321322421,"sldkaj","dlsakj",890,NULL,10,NULL,1
321322422,"sldkaj","dlsakj",891,NULL,10,NULL,1
321322423,"sldkaj","dlsakj",892,NULL,10,NULL,1
321322424,"sldkaj","dlsakj",893,NULL,10,NULL,1
321322425,"sldkaj","dlsakj",894,NULL,10,NULL,1
321322426,"sldkaj","dlsakj",895,NULL,10,NULL,1
321322427,"sldkaj","dlsakj",896,NULL,10,NULL,1
321322428,"sldkaj","dlsakj",897,NULL,10,NULL,1
321322429,"sldkaj","dlsakj",898,NULL,10,NULL,1
321322430,"sldkaj","dlsakj",899,NULL,10,NULL,1
321322431,"sldkaj","dlsakj",900,NULL,10,NULL,1
321322432,"sldkaj","dlsakj",901,NULL,10,NULL,1
321322433,"sldkaj","dlsakj",902,NULL,10,NULL,1
321322434,"sldkaj","dlsakj",903,NULL,10,NULL,1
321322435,"sldkaj","dlsakj",904,NULL,10,NULL,1
321322436,"sldkaj","dlsakj",905,NULL,10,NULL,1
321322437,"sldkaj","dlsakj",906,NULL,10,NULL,1
321322438,"sldkaj","dlsakj",907,NULL,10,NULL,1
321322439,"sldkaj","dlsakj",908,NULL,10,NULL,1
321322440,"sldkaj","dlsakj",909,NULL,10,NULL,1
321322441,"sldkaj","dlsakj",910,NULL,10,NULL,1
321322442,"sldkaj","dlsakj",911,NULL,10,NULL,1
321322443,"sldkaj","dlsakj",912,NULL,10,NULL,1
321322444,"sldkaj","dlsakj",913,NULL,10,NULL,1
321322445,"sldkaj","dlsakj",914,NULL,10,NULL,1
321322446,"sldkaj","dlsakj",915,NULL,10,NULL,1
321322447,"sldkaj","dlsakj",916,NULL,10,NULL,1
321322448,"sldkaj","dlsakj",917,NULL,10,NULL,1
321322449,"sldkaj","dlsakj",918,NULL,10,NULL,1
321322450,"sldkaj","dlsakj",919,NULL,10,NULL,1
321322451,"sldkaj","dlsakj",920,NULL,10,NULL,1
321322452,"sldkaj","dlsakj",921,NULL,10,NULL,1
321322453,"sldkaj","dlsakj",922,NULL,10,NULL,1
321322454,"sldkaj","dlsakj",923,NULL,10,NULL,1
321322455,"sldkaj","dlsakj",924,NULL,10,NULL,1
321322456,"sldkaj","dlsakj",925,NULL,10,NULL,1
321322457,"sldkaj","dlsakj",926,NULL,10,NULL,1
321322458,"sldkaj","dlsakj",927,NULL,10,NULL,1
321322459,"sldkaj","dlsakj",928,NULL,10,NULL,1
321322460,"sldkaj","dlsakj",929,NULL,10,NULL,1
321322461,"sldkaj","dlsakj",930,NULL,10,NULL,1
321322462,"sldkaj","dlsakj",931,NULL,10,NULL,1
321322463,"sldkaj","dlsakj",932,NULL,10,NULL,1
321322464,"sldkaj","dlsakj",933,NULL,10,NULL,1
321322465,"sldkaj","dlsakj",934,NULL,10,NULL,1
321322466,"sldkaj","dlsakj",935,NULL,10,NULL,1
321322467,"sldkaj","dlsakj",936,NULL,10,NULL,1
321322468,"sldkaj","dlsakj",937,NULL,10,NULL,1
321322469,"sldkaj","dlsakj",938,NULL,10,NULL,1
321322470,"sldkaj","dlsakj",939,NULL,10,NULL,1
321322471,"sldkaj","dlsakj",940,NULL,10,NULL,1
321322472,"sldkaj","dlsakj",941,NULL,10,NULL,1
321322473,"sldkaj","dlsakj",942,NULL,10,NULL,1
321322474,"sldkaj","dlsakj",943,NULL,10,NULL,1
321322475,"sldkaj","dlsakj",944,NULL,10,NULL,1
321322476,"sldkaj","dlsakj",945,NULL,10,NULL,1
321322477,"sldkaj","dlsakj",946,NULL,10,NULL,1
321322478,"sldkaj","dlsakj",947,NULL,10,NULL,1
321322479,"sldkaj","dlsakj",948,NULL,10,NULL,1
321322480,"sldkaj","dlsakj",949,NULL,10,NULL,1
321322481,"sldkaj","dlsakj",950,NULL,10,NULL,1
321322482,"sldkaj","dlsakj",951,NULL,10,NULL,1
321322483,"sldkaj","dlsakj",952,NULL,10,NULL,1
321322484,"sldkaj","dlsakj",953,NULL,10,NULL,1
321322485,"sldkaj","dlsakj",954,NULL,10,NULL,1
321322486,"sldkaj","dlsakj",955,NULL,10,NULL,1
321322487,"sldkaj","dlsakj",956,NULL,10,NULL,1
321322488,"sldkaj","dlsakj",957,NULL,10,NULL,0
321322489,"sldkaj","dlsakj",958,NULL,10,NULL,0
321322490,"sldkaj","dlsakj",959,NULL,10,NULL,0
321322491,"sldkaj","dlsakj",960,NULL,10,NULL,0
321322492,"sldkaj","dlsakj",961,NULL,10,NULL,0
321322493,"sldkaj","dlsakj",962,NULL,10,NULL,0
321322494,"sldkaj","dlsakj",963,NULL,10,NULL,0
321322495,"sldkaj","dlsakj",964,NULL,10,NULL,0
321322496,"sldkaj","dlsakj",965,NULL,10,NULL,0
321322497,"sldkaj","dlsakj",966,NULL,10,NULL,0
321322498,"sldkaj","dlsakj",967,NULL,10,NULL,0
321322499,"sldkaj","dlsakj",968,NULL,10,NULL,0
321322500,"sldkaj","dlsakj",969,NULL,10,NULL,0
321322501,"sldkaj","dlsakj",970,NULL,10,NULL,0
321322502,"sldkaj","dlsakj",971,NULL,10,NULL,0
321322503,"sldkaj","dlsakj",972,NULL,10,NULL,0
321322504,"sldkaj","dlsakj",973,NULL,10,NULL,0
321322505,"sldkaj","dlsakj",974,NULL,10,NULL,0
321322506,"sldkaj","dlsakj",975,NULL,10,NULL,0
321322507,"sldkaj","dlsakj",976,NULL,10,NULL,0
321322508,"sldkaj","dlsakj",977,NULL,10,NULL,0
321322509,"sldkaj","dlsakj",978,NULL,10,NULL,0
321322510,"sldkaj","dlsakj",979,NULL,10,NULL,0
321322511,"sldkaj","dlsakj",980,NULL,10,NULL,0
321322512,"sldkaj","dlsakj",981,NULL,10,NULL,0
321322513,"sldkaj","dlsakj",982,NULL,10,NULL,0
321322514,"sldkaj","dlsakj",983,NULL,10,NULL,0
321322515,"sldkaj","dlsakj",984,NULL,10,NULL,0
321322516,"sldkaj","dlsakj",985,NULL,10,NULL,0
321322517,"sldkaj","dlsakj",986,NULL,10,NULL,0
321322518,"sldkaj","dlsakj",987,NULL,10,NULL,0
321322519,"sldkaj","dlsakj",988,NULL,10,NULL,0
321322520,"sldkaj","dlsakj",989,NULL,10,NULL,0
321322521,"sldkaj","dlsakj",990,NULL,10,NULL,0
321322522,"sldkaj","dlsakj",991,NULL,10,NULL,0
321322523,"sldkaj","dlsakj",992,NULL,10,NULL,0
321322524,"sldkaj","dlsakj",993,NULL,10,NULL,0
321322525,"sldkaj","dlsakj",994,NULL,10,NULL,0
321322526,"sldkaj","dlsakj",995,NULL,10,NULL,0
321322527,"sldkaj","dlsakj",996,NULL,10,NULL,0
321322528,"sldkaj","dlsakj",997,NULL,10,NULL,0
321322529,"sldkaj","dlsakj",998,NULL,10,NULL,0
321322530,"sldkaj","dlsakj",999,NULL,10,NULL,0
321322531,"sldkaj","dlsakj",1000,NULL,10,NULL,0
321322532,"sldkaj","dlsakj",1001,NULL,10,NULL,0
321322533,"sldkaj","dlsakj",1002,NULL,10,NULL,0
321322534,"sldkaj","dlsakj",1003,NULL,10,NULL,0
321322535,"sldkaj","dlsakj",1004,NULL,10,NULL,0
321322536,"sldkaj","dlsakj",1005,NULL,10,NULL,0
321322537,"sldkaj","dlsakj",1006,NULL,10,NULL,0
321322538,"sldkaj","dlsakj",1007,NULL,10,NULL,0
321322539,"sldkaj","dlsakj",1008,NULL,10,NULL,0
321322540,"sldkaj","dlsakj",1009,NULL,10,NULL,0
321322541,"sldkaj","dlsakj",1010,NULL,10,NULL,0
321322542,"sldkaj","dlsakj",1011,NULL,10,NULL,0
321322543,"sldkaj","dlsakj",1012,NULL,10,NULL,0
321322544,"sldkaj","dlsakj",1013,NULL,10,NULL,0
321322545,"sldkaj","dlsakj",1014,NULL,10,NULL,0
321322546,"sldkaj","dlsakj",1015,NULL,10,NULL,0
321322547,"sldkaj","dlsakj",1016,NULL,10,NULL,0
321322548,"sldkaj","dlsakj",1017,NULL,10,NULL,0
321322549,"sldkaj","dlsakj",1018,NULL,10,NULL,0
321322550,"sldkaj","dlsakj",1019,NULL,10,NULL,0
321322551,"sldkaj","dlsakj",1020,NULL,10,NULL,0
321322552,"sldkaj","dlsakj",1021,NULL,10,NULL,0
321322553,"sldkaj","dlsakj",1022,NULL,10,NULL,0
321322554,"sldkaj","dlsakj",1023,NULL,10,NULL,0
321322555,"sldkaj","dlsakj",1024,NULL,10,NULL,0
321322556,"sldkaj","dlsakj",1025,NULL,10,NULL,0
321322557,"sldkaj","dlsakj",1026,NULL,10,NULL,0
321322558,"sldkaj","dlsakj",1027,NULL,10,NULL,0
321322559,"sldkaj","dlsakj",1028,NULL,10,NULL,0
321322560,"sldkaj","dlsakj",1029,NULL,10,NULL,0
321322561,"sldkaj","dlsakj",1030,NULL,10,NULL,0
321322562,"sldkaj","dlsakj",1031,NULL,10,NULL,0
321322563,"sldkaj","dlsakj",1032,NULL,10,NULL,0
321322564,"sldkaj","dlsakj",1033,NULL,10,NULL,0
321322565,"sldkaj","dlsakj",1034,NULL,10,NULL,0
321322566,"sldkaj","dlsakj",1035,NULL,10,NULL,0
321322567,"sldkaj","dlsakj",1036,NULL,10,NULL,0
321322568,"sldkaj","dlsakj",1037,NULL,10,NULL,0
321322569,"sldkaj","dlsakj",1038,NULL,10,NULL,0
321322570,"sldkaj","dlsakj",1039,NULL,10,NULL,0
321322571,"sldkaj","dlsakj",1040,NULL,10,NULL,0
321322572,"sldkaj","dlsakj",1041,NULL,10,NULL,0
321322573,"sldkaj","dlsakj",1042,NULL,10,NULL,0
321322574,"sldkaj","dlsakj",1043,NULL,10,NULL,0
321322575,"sldkaj","dlsakj",1044,NULL,10,NULL,0
321322576,"sldkaj","dlsakj",1045,NULL,10,NULL,0
321322577,"sldkaj","dlsakj",1046,NULL,10,NULL,0
321322578,"sldkaj","dlsakj",1047,NULL,10,NULL,0
321322579,"sldkaj","dlsakj",1048,NULL,10,NULL,0
321322580,"sldkaj","dlsakj",1049,NULL,10,NULL,0
321322581,"sldkaj","dlsakj",1050,NULL,10,NULL,0
321322582,"sldkaj","dlsakj",1051,NULL,10,NULL,0
321322583,"sldkaj","dlsakj",1052,NULL,10,NULL,0
321322584,"sldkaj","dlsakj",1053,NULL,10,NULL,0
321322585,"sldkaj","dlsakj",1054,NULL,10,NULL,0
321322586,"sldkaj","dlsakj",1055,NULL,10,NULL,0
321322587,"sldkaj","dlsakj",1056,NULL,10,NULL,0
321322588,"sldkaj","dlsakj",1057,NULL,10,NULL,0
321322589,"sldkaj","dlsakj",1058,NULL,10,NULL,0
321322590,"sldkaj","dlsakj",1059,NULL,10,NULL,0
321322591,"sldkaj","dlsakj",1060,NULL,10,NULL,0
321322592,"sldkaj","dlsakj",1061,NULL,10,NULL,0
321322593,"sldkaj","dlsakj",1062,NULL,10,NULL,0
321322594,"sldkaj","dlsakj",1063,NULL,10,NULL,0
321322595,"sldkaj","dlsakj",1064,NULL,10,NULL,0
321322596,"sldkaj","dlsakj",1065,NULL,10,NULL,0
321322597,"sldkaj","dlsakj",1066,NULL,10,NULL,0
321322598,"sldkaj","dlsakj",1067,NULL,10,NULL,0
321322599,"sldkaj","dlsakj",1068,NULL,10,NULL,0
321322600,"sldkaj","dlsakj",1069,NULL,10,NULL,0
321322601,"sldkaj","dlsakj",1070,NULL,10,NULL,0
321322602,"sldkaj","dlsakj",1071,NULL,10,NULL,0
321322603,"sldkaj","dlsakj",1072,NULL,10,NULL,0
321322604,"sldkaj","dlsakj",1073,NULL,10,NULL,0
321322605,"sldkaj","dlsakj",1074,NULL,10,NULL,0
321322606,"sldkaj","dlsakj",1075,NULL,10,NULL,0
321322607,"sldkaj","dlsakj",1076,NULL,10,NULL,0
321322608,"sldkaj","dlsakj",1077,NULL,10,NULL,0
321322609,"sldkaj","dlsakj",1078,NULL,10,NULL,0
321322610,"sldkaj","dlsakj",1079,NULL,10,NULL,0
321322611,"sldkaj","dlsakj",1080,NULL,10,NULL,0
321322612,"sldkaj","dlsakj",1081,NULL,10,NULL,0
321322613,"sldkaj","dlsakj",1082,NULL,10,NULL,0
321322614,"sldkaj","dlsakj",1083,NULL,10,NULL,0
321322615,"sldkaj","dlsakj",1084,NULL,10,NULL,0
321322616,"sldkaj","dlsakj",1085,NULL,10,NULL,0
321322617,"sldkaj","dlsakj",1086,NULL,10,NULL,0
321322618,"sldkaj","dlsakj",1087,NULL,10,NULL,0
321322619,"sldkaj","dlsakj",1088,NULL,10,NULL,0
321322620,"sldkaj","dlsakj",1089,NULL,10,NULL,0
321322621,"sldkaj","dlsakj",1090,NULL,10,NULL,0
321322622,"sldkaj","dlsakj",1091,NULL,10,NULL,0
321322623,"sldkaj","dlsakj",1092,NULL,10,NULL,0
321322624,"sldkaj","dlsakj",1093,NULL,10,NULL,0
321322625,"sldkaj","dlsakj",1094,NULL,10,NULL,0
321322626,"sldkaj","dlsakj",1095,NULL,10,NULL,0
321322627,"sldkaj","dlsakj",1096,NULL,10,NULL,0
321322628,"sldkaj","dlsakj",1097,NULL,10,NULL,0
321322629,"sldkaj","dlsakj",1098,NULL,10,NULL,0
321322630,"sldkaj","dlsakj",1099,NULL,10,NULL,0
321322631,"sldkaj","dlsakj",1100,NULL,10,NULL,0
321322632,"sldkaj","dlsakj",1101,NULL,10,NULL,0
321322633,"sldkaj","dlsakj",1102,NULL,10,NULL,0
321322634,"sldkaj","dlsakj",1103,NULL,10,NULL,0
321322635,"sldkaj","dlsakj",1104,NULL,10,NULL,0
321322636,"sldkaj","dlsakj",1105,NULL,10,NULL,0
321322637,"sldkaj","dlsakj",1106,NULL,10,NULL,0
321322638,"sldkaj","dlsakj",1107,NULL,10,NULL,0
321322639,"sldkaj","dlsakj",1108,NULL,10,NULL,0
321322640,"sldkaj","dlsakj",1109,NULL,10,NULL,0
321322641,"sldkaj","dlsakj",1110,NULL,10,NULL,0
321322642,"sldkaj","dlsakj",1111,NULL,10,NULL,0
321322643,"sldkaj","dlsakj",1112,NULL,10,NULL,0
321322644,"sldkaj","dlsakj",1113,NULL,10,NULL,0
321322645,"sldkaj","dlsakj",1114,NULL,10,NULL,0
321322646,"sldkaj","dlsakj",1115,NULL,10,NULL,0
321322647,"sldkaj","dlsakj",1116,NULL,10,NULL,0
321322648,"sldkaj","dlsakj",1117,NULL,10,NULL,0
321322649,"sldkaj","dlsakj",1118,NULL,10,NULL,0
321322650,"sldkaj","dlsakj",1119,NULL,10,NULL,0
321322651,"sldkaj","dlsakj",1120,NULL,10,NULL,0
321322652,"sldkaj","dlsakj",1121,NULL,10,NULL,0
321322653,"sldkaj","dlsakj",1122,NULL,10,NULL,0
321322654,"sldkaj","dlsakj",1123,NULL,10,NULL,0
321322655,"sldkaj","dlsakj",1124,NULL,10,NULL,0
321322656,"sldkaj","dlsakj",1125,NULL,10,NULL,0
321322657,"sldkaj","dlsakj",1126,NULL,10,NULL,0
321322658,"sldkaj","dlsakj",1127,NULL,10,NULL,0
321322659,"sldkaj","dlsakj",1128,NULL,10,NULL,0
321322660,"sldkaj","dlsakj",1129,NULL,10,NULL,0
321322661,"sldkaj","dlsakj",1130,NULL,10,NULL,0
321322662,"sldkaj","dlsakj",1131,NULL,10,NULL,0
321322663,"sldkaj","dlsakj",1132,NULL,10,NULL,0
321322664,"sldkaj","dlsakj",1133,NULL,10,NULL,0
321322665,"sldkaj","dlsakj",1134,NULL,10,NULL,0
321322666,"sldkaj","dlsakj",1135,NULL,10,NULL,0
321322667,"sldkaj","dlsakj",1136,NULL,10,NULL,0
321322668,"sldkaj","dlsakj",1137,NULL,10,NULL,0
321322669,"sldkaj","dlsakj",1138,NULL,10,NULL,0
321322670,"sldkaj","dlsakj",1139,NULL,10,NULL,0
321322671,"sldkaj","dlsakj",1140,NULL,10,NULL,0
321322672,"sldkaj","dlsakj",1141,NULL,10,NULL,0
321322673,"sldkaj","dlsakj",1142,NULL,10,NULL,0
321322674,"sldkaj","dlsakj",1143,NULL,10,NULL,0
321322675,"sldkaj","dlsakj",1144,NULL,10,NULL,0
321322676,"sldkaj","dlsakj",1145,NULL,10,NULL,0
321322677,"sldkaj","dlsakj",1146,NULL,10,NULL,0
321322678,"sldkaj","dlsakj",1147,NULL,10,NULL,0
321322679,"sldkaj","dlsakj",1148,NULL,10,NULL,0
321322680,"sldkaj","dlsakj",1149,NULL,10,NULL,0
321322681,"sldkaj","dlsakj",1150,NULL,10,NULL,0
321322682,"sldkaj","dlsakj",1151,NULL,10,NULL,0
321322683,"sldkaj","dlsakj",1152,NULL,10,NULL,0
321322684,"sldkaj","dlsakj",1153,NULL,10,NULL,0
321322685,"sldkaj","dlsakj",1154,NULL,10,NULL,0
321322686,"sldkaj","dlsakj",1155,NULL,10,NULL,0
321322687,"sldkaj","dlsakj",1156,NULL,10,NULL,0
321322688,"sldkaj","dlsakj",1157,NULL,10,NULL,0
321322689,"sldkaj","dlsakj",1158,NULL,10,NULL,0
321322690,"sldkaj","dlsakj",1159,NULL,10,NULL,0
321322691,"sldkaj","dlsakj",1160,NULL,10,NULL,0
321322692,"sldkaj","dlsakj",1161,NULL,10,NULL,0
321322693,"sldkaj","dlsakj",1162,NULL,10,NULL,0
321322694,"sldkaj","dlsakj",1163,NULL,10,NULL,0
321322695,"sldkaj","dlsakj",1164,NULL,10,NULL,0
321322696,"sldkaj","dlsakj",1165,NULL,10,NULL,0
321322697,"sldkaj","dlsakj",1166,NULL,10,NULL,0
321322698,"sldkaj","dlsakj",1167,NULL,10,NULL,0
321322699,"sldkaj","dlsakj",1168,NULL,10,NULL,0
321322700,"sldkaj","dlsakj",1169,NULL,10,NULL,0
321322701,"sldkaj","dlsakj",1170,NULL,10,NULL,0
321322702,"sldkaj","dlsakj",1171,NULL,10,NULL,0
321322703,"sldkaj","dlsakj",1172,NULL,10,NULL,0
321322704,"sldkaj","dlsakj",1173,NULL,10,NULL,0
321322705,"sldkaj","dlsakj",1174,NULL,10,NULL,0
321322706,"sldkaj","dlsakj",1175,NULL,10,NULL,0
321322707,"sldkaj","dlsakj",1176,NULL,10,NULL,0
321322708,"sldkaj","dlsakj",1177,NULL,10,NULL,0
321322709,"sldkaj","dlsakj",1178,NULL,10,NULL,0
321322710,"sldkaj","dlsakj",1179,NULL,10,NULL,0
321322711,"sldkaj","dlsakj",1180,NULL,10,NULL,0
321322712,"sldkaj","dlsakj",1181,NULL,10,NULL,0
321322713,"sldkaj","dlsakj",1182,NULL,10,NULL,0
321322714,"sldkaj","dlsakj",1183,NULL,10,NULL,0
321322715,"sldkaj","dlsakj",1184,NULL,10,NULL,0
321322716,"sldkaj","dlsakj",1185,NULL,10,NULL,0
321322717,"sldkaj","dlsakj",1186,NULL,10,NULL,0
321322718,"sldkaj","dlsakj",1187,NULL,10,NULL,0
321322719,"sldkaj","dlsakj",1188,NULL,10,NULL,0
321322720,"sldkaj","dlsakj",1189,NULL,10,NULL,0
321322721,"sldkaj","dlsakj",1190,NULL,10,NULL,0
321322722,"sldkaj","dlsakj",1191,NULL,10,NULL,0
321322723,"sldkaj","dlsakj",1192,NULL,10,NULL,0
321322724,"sldkaj","dlsakj",1193,NULL,10,NULL,0
321322725,"sldkaj","dlsakj",1194,NULL,10,NULL,0
321322726,"sldkaj","dlsakj",1195,NULL,10,NULL,0
321322727,"sldkaj","dlsakj",1196,NULL,10,NULL,0
321322728,"sldkaj","dlsakj",1197,NULL,10,NULL,0
321322729,"sldkaj","dlsakj",1198,NULL,10,NULL,0
321322730,"sldkaj","dlsakj",1199,NULL,10,NULL,0
321322731,"sldkaj","dlsakj",1200,NULL,10,NULL,0
321322732,"sldkaj","dlsakj",1201,NULL,10,NULL,0
321322733,"sldkaj","dlsakj",1202,NULL,10,NULL,0
321322734,"sldkaj","dlsakj",1203,NULL,10,NULL,0
321322735,"sldkaj","dlsakj",1204,NULL,10,NULL,0
321322736,"sldkaj","dlsakj",1205,NULL,10,NULL,0
321322737,"sldkaj","dlsakj",1206,NULL,10,NULL,0
321322738,"sldkaj","dlsakj",1207,NULL,10,NULL,0
321322739,"sldkaj","dlsakj",1208,NULL,10,NULL,0
321322740,"sldkaj","dlsakj",1209,NULL,10,NULL,0
321322741,"sldkaj","dlsakj",1210,NULL,10,NULL,0
321322742,"sldkaj","dlsakj",1211,NULL,10,NULL,0
321322743,"sldkaj","dlsakj",1212,NULL,10,NULL,0
321322744,"sldkaj","dlsakj",1213,NULL,10,NULL,0
321322745,"sldkaj","dlsakj",1214,NULL,10,NULL,0
321322746,"sldkaj","dlsakj",1215,NULL,10,NULL,0
321322747,"sldkaj","dlsakj",1216,NULL,10,NULL,0
321322748,"sldkaj","dlsakj",1217,NULL,10,NULL,0
321322749,"sldkaj","dlsakj",1218,NULL,10,NULL,0
321322750,"sldkaj","dlsakj",1219,NULL,10,NULL,0
321322751,"sldkaj","dlsakj",1220,NULL,10,NULL,0
321322752,"sldkaj","dlsakj",1221,NULL,10,NULL,0
321322753,"sldkaj","dlsakj",1222,NULL,10,NULL,0
321322754,"sldkaj","dlsakj",1223,NULL,10,NULL,0
321322755,"sldkaj","dlsakj",1224,NULL,10,NULL,0
321322756,"sldkaj","dlsakj",1225,NULL,10,NULL,0
321322757,"sldkaj","dlsakj",1226,NULL,10,NULL,0
321322758,"sldkaj","dlsakj",1227,NULL,10,NULL,0
321322759,"sldkaj","dlsakj",1228,NULL,10,NULL,0
321322760,"sldkaj","dlsakj",1229,NULL,10,NULL,0
321322761,"sldkaj","dlsakj",1230,NULL,10,NULL,0
321322762,"sldkaj","dlsakj",1231,NULL,10,NULL,0
321322763,"sldkaj","dlsakj",1232,NULL,10,NULL,0
321322764,"sldkaj","dlsakj",1233,NULL,10,NULL,0
321322765,"sldkaj","dlsakj",1234,NULL,10,NULL,0
321322766,"sldkaj","dlsakj",1235,NULL,10,NULL,0
321322767,"sldkaj","dlsakj",1236,NULL,10,NULL,0
321322768,"sldkaj","dlsakj",1237,NULL,10,NULL,0
321322769,"sldkaj","dlsakj",1238,NULL,10,NULL,0
321322770,"sldkaj","dlsakj",1239,NULL,10,NULL,0
321322771,"sldkaj","dlsakj",1240,NULL,10,NULL,0
321322772,"sldkaj","dlsakj",1241,NULL,10,NULL,0
321322773,"sldkaj","dlsakj",1242,NULL,10,NULL,0
321322774,"sldkaj","dlsakj",1243,NULL,10,NULL,0
321322775,"sldkaj","dlsakj",1244,NULL,10,NULL,0
321322776,"sldkaj","dlsakj",1245,NULL,10,NULL,0
321322777,"sldkaj","dlsakj",1246,NULL,10,NULL,0
321322778,"sldkaj","dlsakj",1247,NULL,10,NULL,0
321322779,"sldkaj","dlsakj",1248,NULL,10,NULL,0
321322780,"sldkaj","dlsakj",1249,NULL,10,NULL,0
321322781,"sldkaj","dlsakj",1250,NULL,10,NULL,0
321322782,"sldkaj","dlsakj",1251,NULL,10,NULL,0
321322783,"sldkaj","dlsakj",1252,NULL,10,NULL,0
321322784,"sldkaj","dlsakj",1253,NULL,10,NULL,0
321322785,"sldkaj","dlsakj",1254,NULL,10,NULL,0
321322786,"sldkaj","dlsakj",1255,NULL,10,NULL,0
321322787,"sldkaj","dlsakj",1256,NULL,10,NULL,0
321322788,"sldkaj","dlsakj",1257,NULL,10,NULL,0
321322789,"sldkaj","dlsakj",1258,NULL,10,NULL,0
321322790,"sldkaj","dlsakj",1259,NULL,10,NULL,0
321322791,"sldkaj","dlsakj",1260,NULL,10,NULL,0
321322792,"sldkaj","dlsakj",1261,NULL,10,NULL,0
321322793,"sldkaj","dlsakj",1262,NULL,10,NULL,0
321322794,"sldkaj","dlsakj",1263,NULL,10,NULL,0
321322795,"sldkaj","dlsakj",1264,NULL,10,NULL,0
321322796,"sldkaj","dlsakj",1265,NULL,10,NULL,0
321322797,"sldkaj","dlsakj",1266,NULL,10,NULL,0
321322798,"sldkaj","dlsakj",1267,NULL,10,NULL,0
321322799,"sldkaj","dlsakj",1268,NULL,10,NULL,0
321322800,"sldkaj","dlsakj",1269,NULL,10,NULL,0
321322801,"sldkaj","dlsakj",1270,NULL,10,NULL,0
321322802,"sldkaj","dlsakj",1271,NULL,10,NULL,0
321322803,"sldkaj","dlsakj",1272,NULL,10,NULL,0
321322804,"sldkaj","dlsakj",1273,NULL,10,NULL,0
321322805,"sldkaj","dlsakj",1274,NULL,10,NULL,0
321322806,"sldkaj","dlsakj",1275,NULL,10,NULL,0
321322807,"sldkaj","dlsakj",1276,NULL,10,NULL,0
321322808,"sldkaj","dlsakj",1277,NULL,10,NULL,0
321322809,"sldkaj","dlsakj",1278,NULL,10,NULL,0
321322810,"sldkaj","dlsakj",1279,NULL,10,NULL,0
321322811,"sldkaj","dlsakj",1280,NULL,10,NULL,0
321322812,"sldkaj","dlsakj",1281,NULL,10,NULL,0
321322813,"sldkaj","dlsakj",1282,NULL,10,NULL,0
321322814,"sldkaj","dlsakj",1283,NULL,10,NULL,0
321322815,"sldkaj","dlsakj",1284,NULL,10,NULL,0
321322816,"sldkaj","dlsakj",1285,NULL,10,NULL,0
321322817,"sldkaj","dlsakj",1286,NULL,10,NULL,0
321322818,"sldkaj","dlsakj",1287,NULL,10,NULL,0
321322819,"sldkaj","dlsakj",1288,NULL,10,NULL,0
321322820,"sldkaj","dlsakj",1289,NULL,10,NULL,0
321322821,"sldkaj","dlsakj",1290,NULL,10,NULL,0
321322822,"sldkaj","dlsakj",1291,NULL,10,NULL,0
321322823,"sldkaj","dlsakj",1292,NULL,10,NULL,0
321322824,"sldkaj","dlsakj",1293,NULL,10,NULL,0
321322825,"sldkaj","dlsakj",1294,NULL,10,NULL,0
321322826,"sldkaj","dlsakj",1295,NULL,10,NULL,0
321322827,"sldkaj","dlsakj",1296,NULL,10,NULL,0
321322828,"sldkaj","dlsakj",1297,NULL,10,NULL,0
321322829,"sldkaj","dlsakj",1298,NULL,10,NULL,0
321322830,"sldkaj","dlsakj",1299,NULL,10,NULL,0
321322831,"sldkaj","dlsakj",1300,NULL,10,NULL,0
321322832,"sldkaj","dlsakj",1301,NULL,10,NULL,0
321322833,"sldkaj","dlsakj",1302,NULL,10,NULL,0
321322834,"sldkaj","dlsakj",1303,NULL,10,NULL,0
321322835,"sldkaj","dlsakj",1304,NULL,10,NULL,0
321322836,"sldkaj","dlsakj",1305,NULL,10,NULL,0
321322837,"sldkaj","dlsakj",1306,NULL,10,NULL,0
321322838,"sldkaj","dlsakj",1307,NULL,10,NULL,0
321322839,"sldkaj","dlsakj",1308,NULL,10,NULL,0
321322840,"sldkaj","dlsakj",1309,NULL,10,NULL,0
321322841,"sldkaj","dlsakj",1310,NULL,10,NULL,0
321322842,"sldkaj","dlsakj",1311,NULL,10,NULL,0
321322843,"sldkaj","dlsakj",1312,NULL,10,NULL,0
321322844,"sldkaj","dlsakj",1313,NULL,10,NULL,0
321322845,"sldkaj","dlsakj",1314,NULL,10,NULL,0
321322846,"sldkaj","dlsakj",1315,NULL,10,NULL,0
321322847,"sldkaj","dlsakj",1316,NULL,10,NULL,0
321322848,"sldkaj","dlsakj",1317,NULL,10,NULL,0
321322849,"sldkaj","dlsakj",1318,NULL,10,NULL,0
321322850,"sldkaj","dlsakj",1319,NULL,10,NULL,0
321322851,"sldkaj","dlsakj",1320,NULL,10,NULL,0
321322852,"sldkaj","dlsakj",1321,NULL,10,NULL,0
321322853,"sldkaj","dlsakj",1322,NULL,10,NULL,0
321322854,"sldkaj","dlsakj",1323,NULL,10,NULL,0
321322855,"sldkaj","dlsakj",1324,NULL,10,NULL,0
321322856,"sldkaj","dlsakj",1325,NULL,10,NULL,0
321322857,"sldkaj","dlsakj",1326,NULL,10,NULL,0
321322858,"sldkaj","dlsakj",1327,NULL,10,NULL,0
321322859,"sldkaj","dlsakj",1328,NULL,10,NULL,0
321322860,"sldkaj","dlsakj",1329,NULL,10,NULL,0
321322861,"sldkaj","dlsakj",1330,NULL,10,NULL,0
321322862,"sldkaj","dlsakj",1331,NULL,10,NULL,0
321322863,"sldkaj","dlsakj",1332,NULL,10,NULL,0
321322864,"sldkaj","dlsakj",1333,NULL,10,NULL,0
321322865,"sldkaj","dlsakj",1334,NULL,10,NULL,0
321322866,"sldkaj","dlsakj",1335,NULL,10,NULL,0
321322867,"sldkaj","dlsakj",1336,NULL,10,NULL,0
321322868,"sldkaj","dlsakj",1337,NULL,10,NULL,0
321322869,"sldkaj","dlsakj",1338,NULL,10,NULL,0
321322870,"sldkaj","dlsakj",1339,NULL,10,NULL,0
321322871,"sldkaj","dlsakj",1340,NULL,10,NULL,0
321322872,"sldkaj","dlsakj",1341,NULL,10,NULL,0
321322873,"sldkaj","dlsakj",1342,NULL,10,NULL,0
321322874,"sldkaj","dlsakj",1343,NULL,10,NULL,0
321322875,"sldkaj","dlsakj",1344,NULL,10,NULL,0
321322876,"sldkaj","dlsakj",1345,NULL,10,NULL,0
321322877,"sldkaj","dlsakj",1346,NULL,10,NULL,0
321322878,"sldkaj","dlsakj",1347,NULL,10,NULL,0
321322879,"sldkaj","dlsakj",1348,NULL,10,NULL,0
321322880,"sldkaj","dlsakj",1349,NULL,10,NULL,0
321322881,"sldkaj","dlsakj",1350,NULL,10,NULL,0
321322882,"sldkaj","dlsakj",1351,NULL,10,NULL,0
321322883,"sldkaj","dlsakj",1352,NULL,10,NULL,0
321322884,"sldkaj","dlsakj",1353,NULL,10,NULL,0
321322885,"sldkaj","dlsakj",1354,NULL,10,NULL,0
321322886,"sldkaj","dlsakj",1355,NULL,10,NULL,0
321322887,"sldkaj","dlsakj",1356,NULL,10,NULL,0
321322888,"sldkaj","dlsakj",1357,NULL,10,NULL,0
321322889,"sldkaj","dlsakj",1358,NULL,10,NULL,0
321322890,"sldkaj","dlsakj",1359,NULL,10,NULL,0
321322891,"sldkaj","dlsakj",1360,NULL,10,NULL,0
321322892,"sldkaj","dlsakj",1361,NULL,10,NULL,0
321322893,"sldkaj","dlsakj",1362,NULL,10,NULL,0
321322894,"sldkaj","dlsakj",1363,NULL,10,NULL,0
321322895,"sldkaj","dlsakj",1364,NULL,10,NULL,0
321322896,"sldkaj","dlsakj",1365,NULL,10,NULL,0
321322897,"sldkaj","dlsakj",1366,NULL,10,NULL,0
321322898,"sldkaj","dlsakj",1367,NULL,10,NULL,0
321322899,"sldkaj","dlsakj",1368,NULL,10,NULL,0
321322900,"sldkaj","dlsakj",1369,NULL,10,NULL,0
321322901,"sldkaj","dlsakj",1370,NULL,10,NULL,0
321322902,"sldkaj","dlsakj",1371,NULL,10,NULL,0
321322903,"sldkaj","dlsakj",1372,NULL,10,NULL,0
321322904,"sldkaj","dlsakj",1373,NULL,10,NULL,0
321322905,"sldkaj","dlsakj",1374,NULL,10,NULL,0
321322906,"sldkaj","dlsakj",1375,NULL,10,NULL,0
321322907,"sldkaj","dlsakj",1376,NULL,10,NULL,0
321322908,"sldkaj","dlsakj",1377,NULL,10,NULL,0
321322909,"sldkaj","dlsakj",1378,NULL,10,NULL,0
321322910,"sldkaj","dlsakj",1379,NULL,10,NULL,0
321322911,"sldkaj","dlsakj",1380,NULL,10,NULL,0
